"Gemeentenaam","% autobezitters met stekkerauto (%)"
"Aa en Hunze","1,93"
"Aalsmeer","2,36"
"Aalten","1,05"
"Achtkarspelen","1,10"
"Alblasserdam","1,28"
"Albrandswaard","2,53"
"Alkmaar","1,70"
"Almelo","1,18"
"Almere","2,17"
"Alphen aan den Rijn","1,83"
"Alphen-Chaam","1,86"
"Altena","1,61"
"Ameland","2,04"
"Amersfoort","1,93"
"Amstelveen","2,82"
"Amsterdam","2,18"
"Apeldoorn","1,70"
"Appingedam","1,02"
"Arnhem","1,59"
"Assen","1,23"
"Asten","1,37"
"Baarle-Nassau","0,99"
"Baarn","2,34"
"Barendrecht","2,40"
"Barneveld","1,65"
"Beek (L.)","1,61"
"Beekdaelen","1,42"
"Beemster","3,17"
"Beesel","1,20"
"Berg en Dal","1,76"
"Bergeijk","1,54"
"Bergen (L.)","1,16"
"Bergen (NH.)","2,86"
"Bergen op Zoom","1,30"
"Berkelland","1,45"
"Bernheze","1,95"
"Best","1,94"
"Beuningen","1,78"
"Beverwijk","1,42"
"Bladel","1,52"
"Blaricum","4,51"
"Bloemendaal","4,25"
"Bodegraven-Reeuwijk","2,52"
"Boekel","1,53"
"Borger-Odoorn","1,65"
"Borne","1,46"
"Borsele","1,68"
"Boxmeer","1,61"
"Boxtel","1,59"
"Breda","1,74"
"Brielle","1,70"
"Bronckhorst","1,78"
"Brummen","1,87"
"Brunssum","0,81"
"Bunnik","2,59"
"Bunschoten","2,01"
"Buren","2,20"
"Capelle aan den IJssel","1,57"
"Castricum","2,26"
"Coevorden","1,41"
"Cranendonck","1,23"
"Cuijk","1,65"
"Culemborg","1,88"
"Dalfsen","1,61"
"Dantumadiel","1,17"
"De Bilt","2,76"
"De Fryske Marren","1,79"
"De Ronde Venen","2,70"
"De Wolden","1,70"
"Delft","1,40"
"Delfzijl","0,88"
"Den Helder","0,84"
"Deurne","1,27"
"Deventer","1,32"
"Diemen","1,98"
"Dinkelland","1,46"
"Doesburg","1,02"
"Doetinchem","1,42"
"Dongen","1,40"
"Dordrecht","1,31"
"Drechterland","2,11"
"Drimmelen","1,48"
"Dronten","2,06"
"Druten","1,98"
"Duiven","1,90"
"Echt-Susteren","1,33"
"Edam-Volendam","2,05"
"Ede","1,84"
"Eemnes","1,87"
"Eersel","1,89"
"Eijsden-Margraten","1,33"
"Eindhoven","1,52"
"Elburg","1,40"
"Emmen","1,23"
"Enkhuizen","1,34"
"Enschede","1,05"
"Epe","1,63"
"Ermelo","2,07"
"Etten-Leur","1,49"
"Geertruidenberg","1,39"
"Geldrop-Mierlo","1,63"
"Gemert-Bakel","1,46"
"Gennep","1,46"
"Gilze en Rijen","1,55"
"Goeree-Overflakkee","1,65"
"Goes","1,39"
"Goirle","1,61"
"Gooise Meren","2,77"
"Gorinchem","1,44"
"Gouda","1,30"
"Grave","1,45"
"Groningen (gemeente)","1,52"
"Gulpen-Wittem","1,51"
"Haaksbergen","1,24"
"Haaren","2,20"
"Haarlem","1,71"
"Haarlemmermeer","2,32"
"Halderberge","1,44"
"Hardenberg","1,44"
"Harderwijk","1,62"
"Hardinxveld-Giessendam","1,39"
"Harlingen","1,06"
"Hattem","2,18"
"Heemskerk","1,54"
"Heemstede","3,15"
"Heerde","1,97"
"Heerenveen","1,70"
"Heerhugowaard","1,85"
"Heerlen","0,70"
"Heeze-Leende","1,73"
"Heiloo","2,52"
"Hellendoorn","1,52"
"Hellevoetsluis","1,38"
"Helmond","1,38"
"Hendrik-Ido-Ambacht","1,82"
"Hengelo (O.)","1,31"
"Het Hogeland","1,19"
"Heumen","1,83"
"Heusden","1,78"
"Hillegom","1,50"
"Hilvarenbeek","1,92"
"Hilversum","1,98"
"Hoeksche Waard","1,83"
"Hof van Twente","1,50"
"Hollands Kroon","1,75"
"Hoogeveen","0,92"
"Hoorn","1,76"
"Horst aan de Maas","1,46"
"Houten","2,29"
"Huizen","2,23"
"Hulst","1,15"
"IJsselstein","1,78"
"Kaag en Braassem","2,28"
"Kampen","1,35"
"Kapelle","1,83"
"Katwijk","1,82"
"Kerkrade","0,81"
"Koggenland","1,85"
"Krimpen aan den IJssel","1,51"
"Krimpenerwaard","1,93"
"Laarbeek","1,48"
"Landerd","2,05"
"Landgraaf","0,96"
"Landsmeer","3,12"
"Langedijk","2,10"
"Lansingerland","2,79"
"Laren (NH.)","4,82"
"Leeuwarden","1,44"
"Leiden","1,63"
"Leiderdorp","1,91"
"Leidschendam-Voorburg","1,87"
"Lelystad","2,29"
"Leudal","1,61"
"Leusden","2,01"
"Lingewaard","1,71"
"Lisse","1,84"
"Lochem","2,36"
"Loon op Zand","1,66"
"Lopik","1,99"
"Loppersum","1,12"
"Losser","1,08"
"Maasdriel","2,03"
"Maasgouw","1,50"
"Maassluis","1,07"
"Maastricht","1,11"
"Medemblik","1,99"
"Meerssen","1,47"
"Meierijstad","1,53"
"Meppel","1,30"
"Middelburg (Z.)","1,15"
"Midden-Delfland","2,39"
"Midden-Drenthe","1,65"
"Midden-Groningen","1,25"
"Mill en Sint Hubert","1,58"
"Moerdijk","1,56"
"Molenlanden","1,82"
"Montferland","1,54"
"Montfoort","1,78"
"Mook en Middelaar","2,67"
"Neder-Betuwe","1,84"
"Nederweert","1,79"
"Nieuwegein","1,28"
"Nieuwkoop","2,14"
"Nijkerk","2,13"
"Nijmegen","1,33"
"Nissewaard","1,14"
"Noardeast-Fryslân","1,29"
"Noord-Beveland","1,95"
"Noordenveld","1,98"
"Noordoostpolder","1,74"
"Noordwijk","2,33"
"Nuenen, Gerwen en Nederwetten","2,11"
"Nunspeet","1,52"
"Oegstgeest","2,74"
"Oirschot","1,96"
"Oisterwijk","2,53"
"Oldambt","0,82"
"Oldebroek","1,34"
"Oldenzaal","1,32"
"Olst-Wijhe","1,88"
"Ommen","2,21"
"Oost Gelre","1,21"
"Oosterhout","1,48"
"Ooststellingwerf","1,54"
"Oostzaan","2,62"
"Opmeer","1,57"
"Opsterland","1,68"
"Oss","1,51"
"Oude IJsselstreek","1,29"
"Ouder-Amstel","2,87"
"Oudewater","2,14"
"Overbetuwe","1,96"
"Papendrecht","1,62"
"Peel en Maas","1,10"
"Pekela","0,80"
"Pijnacker-Nootdorp","2,57"
"Purmerend","1,39"
"Putten","1,90"
"Raalte","1,37"
"Reimerswaal","1,07"
"Renkum","2,38"
"Renswoude","1,57"
"Reusel-De Mierden","1,27"
"Rheden","1,85"
"Rhenen","1,47"
"Ridderkerk","1,29"
"Rijssen-Holten","1,27"
"Rijswijk (ZH.)","1,61"
"Roerdalen","0,99"
"Roermond","1,27"
"Roosendaal","1,34"
"Rotterdam","1,44"
"Rozendaal","5,78"
"Rucphen","1,20"
"Schagen","1,72"
"Scherpenzeel","1,32"
"Schiedam","1,30"
"Schiermonnikoog","1,06"
"Schouwen-Duiveland","1,94"
"'s-Gravenhage (gemeente)","1,92"
"'s-Hertogenbosch","1,65"
"Simpelveld","0,97"
"Sint Anthonis","1,82"
"Sint-Michielsgestel","1,93"
"Sittard-Geleen","1,10"
"Sliedrecht","1,48"
"Sluis","1,18"
"Smallingerland","1,45"
"Soest","2,29"
"Someren","1,33"
"Son en Breugel","2,14"
"Stadskanaal","1,10"
"Staphorst","1,24"
"Stede Broec","1,44"
"Steenbergen","1,45"
"Steenwijkerland","1,52"
"Stein (L.)","0,92"
"Stichtse Vecht","2,66"
"Súdwest-Fryslân","1,54"
"Terneuzen","1,10"
"Terschelling","2,06"
"Texel","2,10"
"Teylingen","2,19"
"Tholen","1,48"
"Tiel","1,61"
"Tilburg","1,47"
"Tubbergen","1,17"
"Twenterand","0,93"
"Tynaarlo","2,86"
"Tytsjerksteradiel","1,64"
"Uden","1,61"
"Uitgeest","1,92"
"Uithoorn","2,12"
"Urk","1,78"
"Utrecht (gemeente)","1,99"
"Utrechtse Heuvelrug","2,74"
"Vaals","1,24"
"Valkenburg aan de Geul","1,68"
"Valkenswaard","1,53"
"Veendam","1,05"
"Veenendaal","1,51"
"Veere","1,77"
"Veldhoven","1,66"
"Velsen","1,51"
"Venlo","1,06"
"Venray","1,19"
"Vijfheerenlanden","1,79"
"Vlaardingen","1,18"
"Vlieland","2,01"
"Vlissingen","0,92"
"Voerendaal","1,45"
"Voorschoten","1,90"
"Voorst","1,77"
"Vught","2,55"
"Waadhoeke","1,44"
"Waalre","2,35"
"Waalwijk","1,41"
"Waddinxveen","1,95"
"Wageningen","1,79"
"Wassenaar","3,89"
"Waterland","2,68"
"Weert","1,31"
"Weesp","1,89"
"West Betuwe","2,42"
"West Maas en Waal","1,85"
"Westerkwartier","1,57"
"Westerveld","2,12"
"Westervoort","1,05"
"Westerwolde","1,17"
"Westland","1,80"
"Weststellingwerf","1,37"
"Westvoorne","2,77"
"Wierden","1,70"
"Wijchen","1,59"
"Wijdemeren","2,78"
"Wijk bij Duurstede","1,84"
"Winterswijk","1,22"
"Woensdrecht","1,40"
"Woerden","2,19"
"Wormerland","2,06"
"Woudenberg","2,04"
"Zaanstad","1,60"
"Zaltbommel","2,03"
"Zandvoort","1,83"
"Zeewolde","2,42"
"Zeist","2,85"
"Zevenaar","1,35"
"Zoetermeer","1,68"
"Zoeterwoude","1,87"
"Zuidplas","2,02"
"Zundert","1,51"
"Zutphen","1,43"
"Zwartewaterland","1,25"
"Zwijndrecht","1,32"
"Zwolle","1,58"
"Bron: CBS, RDW"